{"cameraMode":{"drawMode":0,"name":"Shaded","section":"Shading Mode"},"sceneLighting":false,"audioPlay":false,"sceneViewState":{"showFog":false,"showMaterialUpdate":false,"showSkybox":false,"showFlares":false,"showImageEffects":false,"showParticleSystems":false},"in2DMode":false,"pivot":{"x":2.4679839611053469,"y":4.450172424316406,"z":-7.632946014404297},"rotation":{"x":0.32631099224090578,"y":0.0014178185956552625,"z":-0.0004897237522527576,"w":0.9452627301216126},"size":23.339014053344728,"orthographic":false}