{"cameraMode":{"drawMode":0,"name":"Shaded","section":"Shading Mode"},"sceneLighting":false,"audioPlay":false,"sceneViewState":{"showFog":false,"showMaterialUpdate":false,"showSkybox":false,"showFlares":false,"showImageEffects":false,"showParticleSystems":false},"in2DMode":false,"pivot":{"x":1.0150105953216553,"y":0.36406517028808596,"z":-2.5787353515625},"rotation":{"x":0.2653629183769226,"y":-0.027684306725859643,"z":0.007507020607590675,"w":0.9637344479560852},"size":29.385826110839845,"orthographic":false}