{"cameraMode":{"drawMode":0,"name":"Shaded","section":"Shading Mode"},"sceneLighting":false,"audioPlay":false,"sceneViewState":{"showFog":false,"showMaterialUpdate":false,"showSkybox":false,"showFlares":false,"showImageEffects":false,"showParticleSystems":false},"in2DMode":false,"pivot":{"x":-2.404578924179077,"y":2.4776477813720705,"z":-1.5140838623046876},"rotation":{"x":0.2653629183769226,"y":-0.027684306725859643,"z":0.007507020607590675,"w":0.9637344479560852},"size":24.77569007873535,"orthographic":false}